Frequency [ppm],Intensity [abs],Width [Hz],Lineshape Parameter,Lineshape,Area [abs*Hz]
-3.673386143227553,37260.8101770051,0.764895844772397,0.9974875006296793,PVOIGT,60748.494528347626
-3.663152677660686,22031.63659848895,0.5526812628846779,0.9974875006296793,PVOIGT,25953.88793653387
-3.6531643350070113,49352.353554493886,0.6601549314280643,0.9974875006296793,PVOIGT,69443.98980791355
-3.6367875218444183,46747.52142725586,1.4040716299961968,0.9974875006296793,PVOIGT,139903.56394129866
-3.6207292843186227,61869.09293268521,3.452984144421629,0.9974875006296793,PVOIGT,455354.1062973994
0.05568823096788838,11242.187059147505,0.4938807772793765,0.9974875006296793,PVOIGT,11834.607380915904
0.07875054748753306,13351.347029521072,3.11494833570249,0.9974875006296793,PVOIGT,88645.5331715386
0.15331136236964693,10914.617275340792,2.580686580663418,2.456361598749578E-8,PVOIGT,88489.88779526213
0.1644768770200101,26104.166700323563,0.4452876084325536,0.18838397111887673,PVOIGT,34299.97087201391
0.17701823703807715,64473.82355955927,0.7077413993567918,0.5212862362522084,PVOIGT,119265.55589602054
0.1903412302456833,82280.4397497857,0.9468407272942773,0.8779007018722136,PVOIGT,175490.47718535125
0.2043975010290124,59806.7720016313,0.8739255121821577,0.9498900293846214,PVOIGT,113924.51470252307
0.21791258048130452,37539.44278972521,0.5676499322691587,0.9974875006296793,PVOIGT,45420.2307928538
0.23021260025043044,17337.804046741854,0.379415993654003,0.9974875006296793,PVOIGT,14021.376415109258
0.31049556854433275,12034.050767034125,1.2598122375455267,0.9974875006296793,PVOIGT,32314.58525464214
0.32318231574731404,11253.806052296843,0.30040286053312765,0.9974875006296793,PVOIGT,7205.836676875128
0.5026880203264756,12905.379206110174,0.23859716528550146,0.9974875006296793,PVOIGT,6563.220181816427
0.5051169377091927,24536.7753585824,0.5302794973885376,0.9974875006296793,PVOIGT,27733.408403477744
0.5174945865624787,32870.733741080025,0.9191942287278483,0.9974875006296793,PVOIGT,64401.741560654256
0.5304156205269567,19242.62783659168,0.5406847689936034,0.9974875006296793,PVOIGT,22176.31799553296
0.5515981451769688,45774.46404066465,2.7870413612957208,0.9974875006296793,PVOIGT,271924.0414267018
0.599786970296546,28147.31823459747,3.803551309392964,0.5282306137183503,PVOIGT,279070.0635204657
0.6622202078869046,70089.38134195496,2.8078481684563976,2.456361598749578E-8,PVOIGT,618266.500706137
0.6744609378649037,82169.1906560105,0.696143748654307,0.6671842700025239,PVOIGT,141056.93721743362
0.6814846076541303,58352.8126411135,0.34279521752817016,0.9974875006296793,PVOIGT,42636.10005989115
0.6864501782200269,101201.30715211743,0.5025139772707155,0.4235787943917721,PVOIGT,137952.10790930098
0.6946165805855914,231030.43768962074,0.6752112797820211,0.432442550583414,PVOIGT,421758.19729224156
0.7071018322084192,365566.4234105354,0.7946932434145764,2.456361598749578E-8,PVOIGT,912674.023060702
0.7240715177466921,245843.0661848257,0.6268811739815711,0.9974875006296793,PVOIGT,328491.4845119147
0.7356716359714494,66273.42194015779,0.37094068070788394,0.9974875006296793,PVOIGT,52399.21542399073
0.7758345418934541,21861.05274943789,0.210698923266055,0.9974875006296793,PVOIGT,9817.802983461708
0.7813718153784482,24270.237090730458,0.2606037331924477,0.9974875006296793,PVOIGT,13481.418046370629
0.7872974481823547,32786.76497619699,0.2268949673440847,0.9974875006296793,PVOIGT,15856.39131129814
0.7904365060063977,18870.018334838715,1.0867120287825154,0.9974875006296793,PVOIGT,43708.682992975344
0.7931557638245121,24558.795195858733,0.1658576147763359,0.9974875006296793,PVOIGT,8682.07228112215
0.796806313493021,68034.41762998556,0.8222928726199971,0.9974875006296793,PVOIGT,119243.88633312251
0.8052601454989636,171278.95011483738,0.6366449428293133,0.1938620737133026,PVOIGT,321164.37553715525
0.8089972181587252,515065.70381340134,0.6246367417442286,0.13474833011524676,PVOIGT,966840.1242946218
0.8187372066109048,1084832.6712700492,0.5374957412135296,2.4666687513190152E-8,PVOIGT,1831840.484414226
0.8235421946299442,511100.7974906797,0.5650458004790125,0.07769398203372546,PVOIGT,884555.6878262612
0.8305246474479843,1494038.5193572836,0.5536384181923621,2.456361598749578E-8,PVOIGT,2598590.719072261
0.8378935482052599,713931.3707211403,0.6547478145928397,0.015268494668139756,PVOIGT,1461294.2644822083
0.8418184131488743,843030.4740701785,0.7318532028304845,0.7614195231298897,PVOIGT,1462559.5327778135
0.8492714080243994,53502.26578670229,0.2062253871723477,0.7906098262109897,PVOIGT,25829.205119706126
0.8500309686893105,1894885.833801706,0.8846872189821169,2.4507496902475666E-8,PVOIGT,5266507.067844414
0.8615366961708865,2110308.1460498706,0.9164711094502876,0.01795406431016752,PVOIGT,6040791.326316739
0.8731312604956462,1043328.728433955,0.6493722008578039,0.06846365712415764,PVOIGT,2081484.380809902
0.8774670117780621,786916.3950674112,0.4786449780936316,0.4949750012593587,PVOIGT,994498.0179102293
0.8865712659022036,1102624.8506668685,0.5589516019240504,0.09378214927358043,PVOIGT,1877676.4010827304
0.8930470735921228,170525.20133002437,0.37844897239528436,0.9974875006296793,PVOIGT,137555.1407531685
0.9002425531663762,460216.20729120396,0.5446562457139716,0.2726557619008151,PVOIGT,718261.5268410428
0.9730831390489535,115349.7825129021,0.9319436865010475,0.9974875006296793,PVOIGT,229132.85944112885
0.9850492653881447,221821.48597198658,0.6173140581978618,0.9417594106288381,PVOIGT,299598.477997945
0.9985896296013488,295498.20217801764,0.7305026697326618,0.4123425556208469,PVOIGT,588015.2674062961
1.0122639423573685,196400.1908588491,1.292020778522243,0.6164811787423238,PVOIGT,638774.6959370734
1.0286316983182866,78330.13788529934,1.4838525575023616,0.5232056149777082,PVOIGT,303566.3079674584
1.0458974845445588,56962.97075708758,4.004462114374134,2.456361598749578E-8,PVOIGT,716616.3113801291
1.1388676102150181,51636.52209056036,2.8329850243473818,0.4874375031483966,PVOIGT,387361.7738059136
1.157170660228164,43890.65983493816,0.7907252039912591,0.9974875006296793,PVOIGT,73973.91708653094
1.169795444436559,37165.84917499523,0.47407559133435445,0.9974875006296793,PVOIGT,37555.41624938553
1.1788745741990154,16795.038765900616,0.38363062219412886,0.9974875006296793,PVOIGT,13733.309294068851
1.3288871989388262,74910.77036832565,3.952367389284918,0.5657780874821243,PVOIGT,760513.5252733327
1.3853235939864417,18999.117155089603,0.19209513820778162,0.9974875006296793,PVOIGT,7779.124432932679
1.422283490540691,17469.198630225957,3.573484115375146,0.9974875006296793,PVOIGT,133059.46202020513
1.4477931755379685,100607.04286792359,2.539924413271826,0.42741755184277186,PVOIGT,692182.22031137
1.4635307719444117,188966.4696318532,0.9201460712603589,0.1199533674753977,PVOIGT,525128.810715554
1.4751565615297295,183893.27796568285,0.7589616943403228,0.1450783611786052,PVOIGT,417961.0530899272
1.4785093301892003,301510.7959322594,0.8510591651388987,0.9974875006296793,PVOIGT,546944.8589729586
1.4878115315127607,530681.8266139402,0.6570229860149799,0.15942021996466949,PVOIGT,1039090.9046184921
1.4925348472910114,593789.6803841665,0.5590598156747105,2.464560289848846E-8,PVOIGT,1042895.4959829302
1.4998646073502795,881680.2117273924,0.6767739456871072,0.0770678079082346,PVOIGT,1828014.32430645
1.5044451266531869,611538.1001065962,0.6731044029395178,0.5820393249936909,PVOIGT,1050553.5409155358
1.5122092512132956,1603882.796094022,0.5758835902776396,2.4548161192875077E-8,PVOIGT,2901731.349799059
1.5174472708416449,320757.08937800745,0.5700544011190593,0.07176277558551665,PVOIGT,561149.1909779942
1.5242595734562099,1482049.5214373106,0.46915512401725656,2.456361598749578E-8,PVOIGT,2184384.311339991
1.5316919134225058,267145.5185614958,0.9754738046265465,0.6014061825204,PVOIGT,659972.0798669017
1.5370866873599744,717157.7227476118,0.4437028408696366,0.016940893292238718,PVOIGT,994211.3215994504
1.5435172393612904,200685.68991668976,0.26308813368848166,0.9974875006296793,PVOIGT,112537.8438950253
1.5491899062531234,196692.94526718202,0.4730512065339136,0.7432389068928233,PVOIGT,222281.4170614734
1.5558941102199795,117475.39674366309,0.9794166693060573,0.9974875006296793,PVOIGT,245242.2748874698
1.5626988464476612,16026.798269813122,1.5218294116721471,0.9974875006296793,PVOIGT,51986.86971548428
1.567529417721969,28757.664930712934,0.15580703234462318,0.9974875006296793,PVOIGT,9550.400828192627
1.5691163524374143,32572.797840450203,1.2037788694023612,0.9974875006296793,PVOIGT,83576.21595158138
1.573537816435058,35244.52057974089,0.178179708712427,0.9974875006296793,PVOIGT,13385.38219928025
1.9374000640767093,13398.220497845654,0.5941628086183512,0.9974875006296793,PVOIGT,16968.111485799574
2.08720157380469,858809.4501591475,0.9094256854657572,2.456361598749578E-8,PVOIGT,2453657.2711426653
2.1007458012605458,1712100.9829642617,0.7789200442784651,0.1412396037276031,PVOIGT,3998855.8219390907
2.109861223952918,997781.140856903,0.6988587906095989,0.561939330031125,PVOIGT,1793852.999796746
2.114784665491026,1338024.3089235863,0.5409067516244769,0.468663766266509,PVOIGT,1930228.890536678
2.1226470821631858,1336140.6759595536,0.503011041636917,0.9974875006296793,PVOIGT,1432552.767826901
2.127733214468398,1452074.6521402472,0.442887891955682,0.24049985559561018,PVOIGT,1863753.132478486
2.13538666489916,560566.3865223237,0.5133255944399872,2.4462746688839106E-8,PVOIGT,904002.9348930741
2.140417285107482,715671.1459301913,0.5124694557354272,0.20029986567047608,PVOIGT,1077817.448267967
2.1465118939607755,42799.15780232175,2.5327084306494103,0.9974875006296793,PVOIGT,231047.53710423052
2.149896614068937,117403.95220887019,0.961466255391762,0.9974875006296793,PVOIGT,240601.14384169196
2.1640197558221326,82966.64614699886,1.974791520219861,0.5406530937789163,PVOIGT,425021.37506215565
2.219644132185666,21397.271471979442,0.18880467738019877,0.9974875006296793,PVOIGT,8610.969881149484
2.2226885271997823,17414.397272991362,0.2896738430326794,0.9974875006296793,PVOIGT,10752.232658419945
2.2351417810356042,92427.15576893324,3.4508071266525455,2.456361598749578E-8,PVOIGT,1002005.5899681549
2.429061933026068,21034.23851968904,1.3942267885753865,2.456361598749578E-8,PVOIGT,92131.91252344543
2.440545130694017,18573.862156994288,0.38979599994981634,0.9974875006296793,PVOIGT,15431.939805910803
2.4526186197023394,21671.277004755055,0.8296384351340291,0.9974875006296793,PVOIGT,38322.54045575036
2.469149290350274,15774.122804748542,0.829303791091771,0.9974875006296793,PVOIGT,27883.018868638323
2.6563899772037507,10999.100782141499,2.6982282481856608,0.9974875006296793,PVOIGT,63258.19423479124
4.5336619178045,17506.60899475464,0.1251561887298443,0.9974875006296793,PVOIGT,4670.19791733213
4.536080995779192,48058.467585968465,0.18698069951883328,0.9974875006296793,PVOIGT,19153.47693821857
4.5385401571434745,143537.6662907344,0.19951988982783642,0.9974875006296793,PVOIGT,61042.59694862956
4.618175146113519,128782.83281969762,0.3339237592889291,0.9974875006296793,PVOIGT,91661.34367203436
4.61955574480651,727502.6982470809,0.6685923332007694,0.9974875006296793,PVOIGT,1036756.8773607854
4.625065857588693,639174.0034298333,0.4565225199925486,0.9974875006296793,PVOIGT,621959.6825315354
4.62976585370686,329505.3080454839,0.22436203376788896,0.9974875006296793,PVOIGT,157576.9562893914
4.641744732682545,268196.4476492603,0.12782110473527156,0.9974875006296793,PVOIGT,73069.563380331
4.643611607838928,742660.1613182516,0.18383333508613817,0.9974875006296793,PVOIGT,291001.5606429812
4.690606043337114,493508.71476229286,0.675952604930438,0.9974875006296793,PVOIGT,711036.6659916932
4.702153266869464,1082842.8363472626,1.0973819961249445,0.9974875006296793,PVOIGT,2532819.160300155
4.72715620372528,194551.4990226013,1.2265938951140243,0.9974875006296793,PVOIGT,508646.78588821966
4.753274993572551,298548.2869768143,3.3087651963195337,0.9974875006296793,PVOIGT,2105530.112232279
12.769907052246817,11208.068300227342,0.5967727287147432,0.9974875006296793,PVOIGT,14256.754189406192
12.78967101326223,19727.29813887763,0.5946155145185228,0.9974875006296793,PVOIGT,25002.57674130708
12.824814566610758,31859.623451501084,0.46689887805675234,0.9974875006296793,PVOIGT,31706.214488349066
12.830035237005031,32449.297799988097,0.3734084622049006,0.9974875006296793,PVOIGT,25826.787142152767
12.978591830621742,85632.49036369499,0.2515330115262978,0.9974875006296793,PVOIGT,45910.760753901086
12.98344866134804,16864.531969187057,0.44219925610807265,0.9974875006296793,PVOIGT,15895.46455512538
12.988671381795426,19166.32080084672,0.6012379985811634,0.9974875006296793,PVOIGT,24562.134079123403
13.003863855562996,72842.96267246449,1.0781397545089397,0.9974875006296793,PVOIGT,167395.42550312655
13.015354812048798,22752.008994766213,0.4336713115768814,0.9974875006296793,PVOIGT,21031.069982170695
13.016448414012382,25939.02330224901,0.9269215888563167,0.9974875006296793,PVOIGT,51248.07312756161
13.023003593843148,86514.46332978328,0.7007291974834738,0.9974875006296793,PVOIGT,129217.06017783345
13.031371341605956,85519.4405640844,0.2655655916943907,0.9974875006296793,PVOIGT,48408.04905661398
13.054577978460882,52332.869018808284,1.993554232306385,0.9974875006296793,PVOIGT,222373.75184787306
